Workbook

Sheet Leeme
A1: BASE DE DATOS A LLENAR · Cafeterías de especialidad en Bogotá
A2: Haciendo Economía 2026-2 · Protocolo de trabajo de campo (Entrega 3b)
A4: CÓMO USAR ESTE ARCHIVO
A5: 1. Hoja Ficha_Cafe: una fila por café (observación). Hoja Encuestas: una fila por cliente encuestado (meta: 8 por café, 96 en total).
A6: 2. La fila 2 (amarilla, cursiva) de Ficha_Cafe y Encuestas es un EJEMPLO del formato esperado. Se deja como guía y el script de limpieza la ignora (cafe_id/enc_id = EJEMPLO). Los datos reales empiezan en la fila 3.
A7: 3. Los nombres de columna (fila 1) son los nombres de variable del Diccionario. No los cambie. Pase el mouse sobre el encabezado para ver la pregunta completa.
A8: 4. Las columnas grises (índices) se calculan solas: no escriba en ellas.
A9: 5. Las celdas tienen listas desplegables y validaciones de rango. Use siempre el mismo ID de café (C01…C12) en ambas hojas.
A10: 6. Hojas de apoyo: Muestra_Cafes (plan de visitas y reparto), Abordajes (tasa de respuesta), Avance (control automático de metas), Piloto (registro de ajustes y acuerdo entre observadores), Diccionario y Listas.
A11: 7. Los datos originales NO se editan después de salir de campo: las correcciones se hacen en los scripts de limpieza (carpeta del proyecto, scripts/).
A12: 8. No se registran nombres, teléfonos, correos ni documentos de los clientes. El único dato nominal es el nombre del negocio.
A14: Convención de ID: café = C01–C12 · piloto = P1–P2 · reemplazos = R1–R4 · encuesta = E-C01-01 (E - café - número consecutivo).

Sheet Muestra_Cafes
A1: cafe_id | B1: zona_muestreo | C1: id_mapa | D1: nombre_cafe | E1: tipo_negocio | F1: responsable | G1: dia_tipo | H1: franja | I1: fecha_prevista | J1: meta_encuestas | K1: estado
A2: C01 | B2: Z1 Usaquen | C2: Carrera 7 #113-43 Local 103 Torre Samsung | D2: CAFFA COLOMBIA | E2: Pequeña cadena (2–5 locales) | F2: A | G2: Entre semana | H2: Mañana (8–11) | J2: 10 | K2: Pendiente
A3: C02 | B3: Z1 Chapinero | F3: B | G3: Entre semana | H3: Tarde (14–17) | J3: 10 | K3: Pendiente
A4: C03 | B4: Z1 Chapinero | F4: C | G4: Fin de semana | H4: Mañana (8–11) | J4: 10 | K4: Pendiente
A5: C04 | B5: Z2 Usaquén | F5: A | G5: Entre semana | H5: Tarde (14–17) | J5: 10 | K5: Pendiente
A6: C05 | B6: Z2 Usaquén | F6: B | G6: Fin de semana | H6: Mañana (8–11) | J6: 10 | K6: Pendiente
A7: C06 | B7: Z2 Usaquén | F7: C | G7: Fin de semana | H7: Tarde (14–17) | J7: 10 | K7: Pendiente
A8: C07 | B8: Z3 Teusaquillo–Barrios Unidos | F8: A | G8: Fin de semana | H8: Mañana (8–11) | J8: 10 | K8: Pendiente
A9: C08 | B9: Z3 Teusaquillo–Barrios Unidos | F9: B | G9: Fin de semana | H9: Tarde (14–17) | J9: 10 | K9: Pendiente
A11: Nota: id_mapa, nombre_cafe y tipo_negocio se completan con el mapa de la Entrega 3a. Reglas de selección y reemplazo: ver Plan de análisis, sección 3.

Sheet Ficha_Cafe
A1: cafe_id | B1: id_mapa | C1: nombre_cafe | D1: localidad | E1: zona_muestreo | F1: tipo_negocio | G1: fecha | H1: dia_tipo | I1: franja | J1: observador | K1: autorizacion_local | L1: st1 | M1: st2 | N1: st3 | O1: st4 | P1: st5 | Q1: st6 | R1: st7 | S1: st8 | T1: am1 | U1: am2 | V1: am3 | W1: am4 | X1: am5 | Y1: am6 | Z1: am7 | AA1: am8 | AB1: idx_story | AC1: idx_amb | AD1: idx_story_10 | AE1: idx_amb_10 | AF1: ruido_1a5 | AG1: ocupacion_pct | AH1: espera_min | AI1: presentacion_1a5 | AJ1: precio_capuchino_cop | AK1: ofrece_filtrados | AL1: precio_filtrado_cop | AM1: tiene_instagram | AN1: seguidores_ig | AO1: pub_origen_ig | AP1: google_rating | AQ1: google_resenas | AR1: fotos_ok | AS1: obs_texto
A2: EJEMPLO | B2: M-000 | C2: Café Ejemplo | D2: Chapinero | E2: Z1 Chapinero | F2: Independiente (1 local) | G2: 46340 | H2: Fin de semana | I2: Mañana (8–11) | J2: A | K2: 1 | L2: 1 | M2: 1 | N2: 0 | O2: 1 | P2: 0 | Q2: 1 | R2: 1 | S2: 0 | T2: 1 | U2: 1 | V2: 1 | W2: 1 | X2: 0 | Y2: 1 | Z2: 1 | AA2: 0 | AB2: =SUM(L2:S2) -> 5 | AC2: =SUM(T2:AA2) -> 6 | AD2: =AB2/8*10 -> 6.25 | AE2: =AC2/8*10 -> 7.5 | AF2: 2 | AG2: 60 | AH2: 6 | AI2: 4 | AJ2: 9500 | AK2: 1 | AL2: 11000 | AM2: 1 | AN2: 4200 | AO2: 3 | AP2: 4.6 | AQ2: 310 | AR2: 1 | AS2: Mural con mapa de fincas
AB3: =IF(COUNTA(L3:S3)=0,"",SUM(L3:S3)) | AC3: =IF(COUNTA(T3:AA3)=0,"",SUM(T3:AA3)) | AD3: =IF(AB3="","",AB3/8*10) | AE3: =IF(AC3="","",AC3/8*10)
AB4: =IF(COUNTA(L4:S4)=0,"",SUM(L4:S4)) | AC4: =IF(COUNTA(T4:AA4)=0,"",SUM(T4:AA4)) | AD4: =IF(AB4="","",AB4/8*10) | AE4: =IF(AC4="","",AC4/8*10)
AB5: =IF(COUNTA(L5:S5)=0,"",SUM(L5:S5)) | AC5: =IF(COUNTA(T5:AA5)=0,"",SUM(T5:AA5)) | AD5: =IF(AB5="","",AB5/8*10) | AE5: =IF(AC5="","",AC5/8*10)
AB6: =IF(COUNTA(L6:S6)=0,"",SUM(L6:S6)) | AC6: =IF(COUNTA(T6:AA6)=0,"",SUM(T6:AA6)) | AD6: =IF(AB6="","",AB6/8*10) | AE6: =IF(AC6="","",AC6/8*10)
AB7: =IF(COUNTA(L7:S7)=0,"",SUM(L7:S7)) | AC7: =IF(COUNTA(T7:AA7)=0,"",SUM(T7:AA7)) | AD7: =IF(AB7="","",AB7/8*10) | AE7: =IF(AC7="","",AC7/8*10)
AB8: =IF(COUNTA(L8:S8)=0,"",SUM(L8:S8)) | AC8: =IF(COUNTA(T8:AA8)=0,"",SUM(T8:AA8)) | AD8: =IF(AB8="","",AB8/8*10) | AE8: =IF(AC8="","",AC8/8*10)
AB9: =IF(COUNTA(L9:S9)=0,"",SUM(L9:S9)) | AC9: =IF(COUNTA(T9:AA9)=0,"",SUM(T9:AA9)) | AD9: =IF(AB9="","",AB9/8*10) | AE9: =IF(AC9="","",AC9/8*10)
AB10: =IF(COUNTA(L10:S10)=0,"",SUM(L10:S10)) | AC10: =IF(COUNTA(T10:AA10)=0,"",SUM(T10:AA10)) | AD10: =IF(AB10="","",AB10/8*10) | AE10: =IF(AC10="","",AC10/8*10)
AB11: =IF(COUNTA(L11:S11)=0,"",SUM(L11:S11)) | AC11: =IF(COUNTA(T11:AA11)=0,"",SUM(T11:AA11)) | AD11: =IF(AB11="","",AB11/8*10) | AE11: =IF(AC11="","",AC11/8*10)
AB12: =IF(COUNTA(L12:S12)=0,"",SUM(L12:S12)) | AC12: =IF(COUNTA(T12:AA12)=0,"",SUM(T12:AA12)) | AD12: =IF(AB12="","",AB12/8*10) | AE12: =IF(AC12="","",AC12/8*10)
AB13: =IF(COUNTA(L13:S13)=0,"",SUM(L13:S13)) | AC13: =IF(COUNTA(T13:AA13)=0,"",SUM(T13:AA13)) | AD13: =IF(AB13="","",AB13/8*10) | AE13: =IF(AC13="","",AC13/8*10)
AB14: =IF(COUNTA(L14:S14)=0,"",SUM(L14:S14)) | AC14: =IF(COUNTA(T14:AA14)=0,"",SUM(T14:AA14)) | AD14: =IF(AB14="","",AB14/8*10) | AE14: =IF(AC14="","",AC14/8*10)
... AB30: =IF(COUNTA(L30:S30)=0,"",SUM(L30:S30)) | AC30: =IF(COUNTA(T30:AA30)=0,"",SUM(T30:AA30)) | AD30: =IF(AB30="","",AB30/8*10) | AE30: =IF(AC30="","",AC30/8*10)

Sheet Encuestas
A1: enc_id | B1: cafe_id | C1: fecha | D1: hora | E1: encuestador | F1: consentimiento | G1: freq_visita | H1: motivo_visita | I1: como_conocio | J1: minutos_permanencia | K1: imp_calidad | L1: imp_ambiente | M1: imp_historia | N1: imp_atencion | O1: imp_precio | P1: imp_ubicacion | Q1: imp_redes | R1: imp_primero | S1: per_ambiente | T1: per_distintivo | U1: per_origen | V1: per_historia | W1: per_calidad | X1: per_atencion | Y1: recuerda_dato | Z1: recuerda_dato_txt | AA1: diferencia_txt | AB1: diferencia_cod | AC1: nps_recomienda | AD1: prob_volver | AE1: n_otros_cafes | AF1: primera_opcion | AG1: gasto_hoy_cop | AH1: dap_max_capuchino | AI1: dap_vs_otras | AJ1: edad_rango | AK1: ocupacion | AL1: relacion_zona | AM1: obs_encuestador
A2: EJEMPLO | B2: C01 | C2: 46340 | D2: 09:40 | E2: A | F2: 1 | G2: 1–3 veces al mes | H2: Reunión social | I2: Redes sociales | J2: 60 | K2: 5 | L2: 4 | M2: 3 | N2: 5 | O2: 3 | P2: 4 | Q2: 2 | R2: Calidad del café | S2: 5 | T2: 4 | U2: 3 | V2: 3 | W2: 5 | X2: 4 | Y2: 0 | AA2: El mural y que explican el café | AC2: 9 | AD2: 5 | AE2: 1–2 | AF2: Una de varias opciones | AG2: 18000 | AH2: 11000 | AI2: Igual | AJ2: 25–34 | AK2: Empleado/a | AL2: Trabaja o estudia cerca

Sheet Abordajes
A1: cafe_id | B1: fecha | C1: encuestador | D1: abordados | E1: aceptaron | F1: rechazaron | G1: no_elegibles | H1: chequeo | J1: Tasa de aceptación
A2: EJEMPLO | B2: 46340 | C2: A | D2: 14 | E2: 8 | F2: 4 | G2: 2 | H2: =IF(D2="","",IF(D2=E2+F2+G2,"OK","Revisar")) -> OK | J2: =IFERROR(SUM(E3:E59)/(SUM(D3:D59)-SUM(G3:G59)),"")
H3: =IF(D3="","",IF(D3=E3+F3+G3,"OK","Revisar")) | J3: Fórmula: aceptaron / (abordados − no elegibles). La fila de ejemplo no se cuenta.
H4: =IF(D4="","",IF(D4=E4+F4+G4,"OK","Revisar"))
H5: =IF(D5="","",IF(D5=E5+F5+G5,"OK","Revisar"))
H6: =IF(D6="","",IF(D6=E6+F6+G6,"OK","Revisar"))
H7: =IF(D7="","",IF(D7=E7+F7+G7,"OK","Revisar"))
H8: =IF(D8="","",IF(D8=E8+F8+G8,"OK","Revisar"))
H9: =IF(D9="","",IF(D9=E9+F9+G9,"OK","Revisar"))
H10: =IF(D10="","",IF(D10=E10+F10+G10,"OK","Revisar"))
H11: =IF(D11="","",IF(D11=E11+F11+G11,"OK","Revisar"))
H12: =IF(D12="","",IF(D12=E12+F12+G12,"OK","Revisar"))
H13: =IF(D13="","",IF(D13=E13+F13+G13,"OK","Revisar"))
H14: =IF(D14="","",IF(D14=E14+F14+G14,"OK","Revisar"))
H15: =IF(D15="","",IF(D15=E15+F15+G15,"OK","Revisar"))
... H59: =IF(D59="","",IF(D59=E59+F59+G59,"OK","Revisar"))

Sheet Avance
A1: cafe_id | B1: encuestas_hechas | C1: meta | D1: % avance | E1: ficha_lista | F1: idx_story | G1: idx_amb
A2: =Muestra_Cafes!A2 -> C01 | B2: =COUNTIF(Encuestas!$B$3:$B$200,A2) -> 0 | C2: =Muestra_Cafes!J2 -> 10 | D2: =IF(C2=0,"",MIN(1,B2/C2)) -> 0 | E2: =IF(COUNTIF(Ficha_Cafe!$A$3:$A$30,A2)>0,"Sí","No") -> No | F2: =IFERROR(INDEX(Ficha_Cafe!$AB$3:$AB$30,MATCH(A2,Ficha_Cafe!$A$3:$A$30,0)),"") | G2: =IFERROR(INDEX(Ficha_Cafe!$AC$3:$AC$30,MATCH(A2,Ficha_Cafe!$A$3:$A$30,0)),"")
A3: =Muestra_Cafes!A3 -> C02 | B3: =COUNTIF(Encuestas!$B$3:$B$200,A3) -> 0 | C3: =Muestra_Cafes!J3 -> 10 | D3: =IF(C3=0,"",MIN(1,B3/C3)) -> 0 | E3: =IF(COUNTIF(Ficha_Cafe!$A$3:$A$30,A3)>0,"Sí","No") -> No | F3: =IFERROR(INDEX(Ficha_Cafe!$AB$3:$AB$30,MATCH(A3,Ficha_Cafe!$A$3:$A$30,0)),"") | G3: =IFERROR(INDEX(Ficha_Cafe!$AC$3:$AC$30,MATCH(A3,Ficha_Cafe!$A$3:$A$30,0)),"")
A4: =Muestra_Cafes!A4 -> C03 | B4: =COUNTIF(Encuestas!$B$3:$B$200,A4) -> 0 | C4: =Muestra_Cafes!J4 -> 10 | D4: =IF(C4=0,"",MIN(1,B4/C4)) -> 0 | E4: =IF(COUNTIF(Ficha_Cafe!$A$3:$A$30,A4)>0,"Sí","No") -> No | F4: =IFERROR(INDEX(Ficha_Cafe!$AB$3:$AB$30,MATCH(A4,Ficha_Cafe!$A$3:$A$30,0)),"") | G4: =IFERROR(INDEX(Ficha_Cafe!$AC$3:$AC$30,MATCH(A4,Ficha_Cafe!$A$3:$A$30,0)),"")
A5: =Muestra_Cafes!A5 -> C04 | B5: =COUNTIF(Encuestas!$B$3:$B$200,A5) -> 0 | C5: =Muestra_Cafes!J5 -> 10 | D5: =IF(C5=0,"",MIN(1,B5/C5)) -> 0 | E5: =IF(COUNTIF(Ficha_Cafe!$A$3:$A$30,A5)>0,"Sí","No") -> No | F5: =IFERROR(INDEX(Ficha_Cafe!$AB$3:$AB$30,MATCH(A5,Ficha_Cafe!$A$3:$A$30,0)),"") | G5: =IFERROR(INDEX(Ficha_Cafe!$AC$3:$AC$30,MATCH(A5,Ficha_Cafe!$A$3:$A$30,0)),"")
A6: =Muestra_Cafes!A6 -> C05 | B6: =COUNTIF(Encuestas!$B$3:$B$200,A6) -> 0 | C6: =Muestra_Cafes!J6 -> 10 | D6: =IF(C6=0,"",MIN(1,B6/C6)) -> 0 | E6: =IF(COUNTIF(Ficha_Cafe!$A$3:$A$30,A6)>0,"Sí","No") -> No | F6: =IFERROR(INDEX(Ficha_Cafe!$AB$3:$AB$30,MATCH(A6,Ficha_Cafe!$A$3:$A$30,0)),"") | G6: =IFERROR(INDEX(Ficha_Cafe!$AC$3:$AC$30,MATCH(A6,Ficha_Cafe!$A$3:$A$30,0)),"")
A7: =Muestra_Cafes!A7 -> C06 | B7: =COUNTIF(Encuestas!$B$3:$B$200,A7) -> 0 | C7: =Muestra_Cafes!J7 -> 10 | D7: =IF(C7=0,"",MIN(1,B7/C7)) -> 0 | E7: =IF(COUNTIF(Ficha_Cafe!$A$3:$A$30,A7)>0,"Sí","No") -> No | F7: =IFERROR(INDEX(Ficha_Cafe!$AB$3:$AB$30,MATCH(A7,Ficha_Cafe!$A$3:$A$30,0)),"") | G7: =IFERROR(INDEX(Ficha_Cafe!$AC$3:$AC$30,MATCH(A7,Ficha_Cafe!$A$3:$A$30,0)),"")
A8: =Muestra_Cafes!A8 -> C07 | B8: =COUNTIF(Encuestas!$B$3:$B$200,A8) -> 0 | C8: =Muestra_Cafes!J8 -> 10 | D8: =IF(C8=0,"",MIN(1,B8/C8)) -> 0 | E8: =IF(COUNTIF(Ficha_Cafe!$A$3:$A$30,A8)>0,"Sí","No") -> No | F8: =IFERROR(INDEX(Ficha_Cafe!$AB$3:$AB$30,MATCH(A8,Ficha_Cafe!$A$3:$A$30,0)),"") | G8: =IFERROR(INDEX(Ficha_Cafe!$AC$3:$AC$30,MATCH(A8,Ficha_Cafe!$A$3:$A$30,0)),"")
A9: =Muestra_Cafes!A9 -> C08 | B9: =COUNTIF(Encuestas!$B$3:$B$200,A9) -> 0 | C9: =Muestra_Cafes!J9 -> 10 | D9: =IF(C9=0,"",MIN(1,B9/C9)) -> 0 | E9: =IF(COUNTIF(Ficha_Cafe!$A$3:$A$30,A9)>0,"Sí","No") -> No | F9: =IFERROR(INDEX(Ficha_Cafe!$AB$3:$AB$30,MATCH(A9,Ficha_Cafe!$A$3:$A$30,0)),"") | G9: =IFERROR(INDEX(Ficha_Cafe!$AC$3:$AC$30,MATCH(A9,Ficha_Cafe!$A$3:$A$30,0)),"")
A10: =Muestra_Cafes!#REF! -> #REF! | B10: =COUNTIF(Encuestas!$B$3:$B$200,A10) -> 0 | C10: =Muestra_Cafes!#REF! -> #REF! | D10: =IF(C10=0,"",MIN(1,B10/C10)) -> #REF! | E10: =IF(COUNTIF(Ficha_Cafe!$A$3:$A$30,A10)>0,"Sí","No") -> No | F10: =IFERROR(INDEX(Ficha_Cafe!$AB$3:$AB$30,MATCH(A10,Ficha_Cafe!$A$3:$A$30,0)),"") | G10: =IFERROR(INDEX(Ficha_Cafe!$AC$3:$AC$30,MATCH(A10,Ficha_Cafe!$A$3:$A$30,0)),"")
A11: =Muestra_Cafes!#REF! -> #REF! | B11: =COUNTIF(Encuestas!$B$3:$B$200,A11) -> 0 | C11: =Muestra_Cafes!#REF! -> #REF! | D11: =IF(C11=0,"",MIN(1,B11/C11)) -> #REF! | E11: =IF(COUNTIF(Ficha_Cafe!$A$3:$A$30,A11)>0,"Sí","No") -> No | F11: =IFERROR(INDEX(Ficha_Cafe!$AB$3:$AB$30,MATCH(A11,Ficha_Cafe!$A$3:$A$30,0)),"") | G11: =IFERROR(INDEX(Ficha_Cafe!$AC$3:$AC$30,MATCH(A11,Ficha_Cafe!$A$3:$A$30,0)),"")
A12: =Muestra_Cafes!#REF! -> #REF! | B12: =COUNTIF(Encuestas!$B$3:$B$200,A12) -> 0 | C12: =Muestra_Cafes!#REF! -> #REF! | D12: =IF(C12=0,"",MIN(1,B12/C12)) -> #REF! | E12: =IF(COUNTIF(Ficha_Cafe!$A$3:$A$30,A12)>0,"Sí","No") -> No | F12: =IFERROR(INDEX(Ficha_Cafe!$AB$3:$AB$30,MATCH(A12,Ficha_Cafe!$A$3:$A$30,0)),"") | G12: =IFERROR(INDEX(Ficha_Cafe!$AC$3:$AC$30,MATCH(A12,Ficha_Cafe!$A$3:$A$30,0)),"")
A13: =Muestra_Cafes!#REF! -> #REF! | B13: =COUNTIF(Encuestas!$B$3:$B$200,A13) -> 0 | C13: =Muestra_Cafes!#REF! -> #REF! | D13: =IF(C13=0,"",MIN(1,B13/C13)) -> #REF! | E13: =IF(COUNTIF(Ficha_Cafe!$A$3:$A$30,A13)>0,"Sí","No") -> No | F13: =IFERROR(INDEX(Ficha_Cafe!$AB$3:$AB$30,MATCH(A13,Ficha_Cafe!$A$3:$A$30,0)),"") | G13: =IFERROR(INDEX(Ficha_Cafe!$AC$3:$AC$30,MATCH(A13,Ficha_Cafe!$A$3:$A$30,0)),"")
A14: TOTAL | B14: =SUM(B2:B13) -> 0 | C14: =SUM(C2:C13) -> #REF! | D14: =IF(C14=0,"",MIN(1,B14/C14)) -> #REF! | E14: =COUNTIF(E2:E13,"Sí")&" de 12" -> 0 de 12

Sheet Piloto
A1: A. Registro de problemas y ajustes (completar durante el piloto)
A2: fecha | B2: cafe_id (P1/P2) | C2: quién | D2: variable o pregunta | E2: problema observado | F2: ajuste hecho | G2: versión resultante
A3: 46333 | B3: P1 | C3: A | D3: per_distintivo | E3: Dos personas pidieron aclarar «distinto» | F3: Se cambió a «diferente a otras cafeterías de especialidad» | G3: v1.1
A16: B. Acuerdo entre observadores en la ficha (los tres califican el MISMO café piloto, de forma independiente)
A17: ítem | B17: Observador A | C17: Observador B | D17: Observador C | E17: ¿Coinciden los 3? (1/0)
A18: st1 | E18: =IF(COUNT(B18:D18)<3,"",IF(AND(B18=C18,C18=D18),1,0))
A19: st2 | E19: =IF(COUNT(B19:D19)<3,"",IF(AND(B19=C19,C19=D19),1,0))
A20: st3 | E20: =IF(COUNT(B20:D20)<3,"",IF(AND(B20=C20,C20=D20),1,0))
A21: st4 | E21: =IF(COUNT(B21:D21)<3,"",IF(AND(B21=C21,C21=D21),1,0))
A22: st5 | E22: =IF(COUNT(B22:D22)<3,"",IF(AND(B22=C22,C22=D22),1,0))
A23: st6 | E23: =IF(COUNT(B23:D23)<3,"",IF(AND(B23=C23,C23=D23),1,0))
A24: st7 | E24: =IF(COUNT(B24:D24)<3,"",IF(AND(B24=C24,C24=D24),1,0))
A25: st8 | E25: =IF(COUNT(B25:D25)<3,"",IF(AND(B25=C25,C25=D25),1,0))
A26: am1 | E26: =IF(COUNT(B26:D26)<3,"",IF(AND(B26=C26,C26=D26),1,0))
A27: am2 | E27: =IF(COUNT(B27:D27)<3,"",IF(AND(B27=C27,C27=D27),1,0))
A28: am3 | E28: =IF(COUNT(B28:D28)<3,"",IF(AND(B28=C28,C28=D28),1,0))
A29: am4 | E29: =IF(COUNT(B29:D29)<3,"",IF(AND(B29=C29,C29=D29),1,0))
... A33: am8 | E33: =IF(COUNT(B33:D33)<3,"",IF(AND(B33=C33,C33=D33),1,0))
A34: Acuerdo total | E34: =IFERROR(AVERAGE(E18:E33),"")
A35: Regla: si el acuerdo en un ítem es < 80 % entre los pilotos, se reescribe su definición en la ficha antes de salir a campo.

Sheet Diccionario
A1: variable | B1: hoja | C1: bloque | D1: pregunta o ítem | E1: tipo | F1: valores permitidos | G1: obligatoria | H1: uso en el análisis
A2: cafe_id | B2: Ficha_Cafe | C2: Identificación | D2: ID único del café (C01–C12; P1–P2 piloto; R1–R4 reemplazos) | E2: texto | F2: libre | G2: Sí | H2: Llave de unión con la hoja Encuestas
A3: id_mapa | B3: Ficha_Cafe | C3: Identificación | D3: ID del café en el shapefile de la Entrega 3a | E3: texto | F3: libre | G3: Sí | H3: Unir con el mapa y los análisis espaciales
A4: nombre_cafe | B4: Ficha_Cafe | C4: Identificación | D4: Nombre del negocio | E4: texto | F4: libre | G4: Sí | H4: Identificación (el nombre del negocio es el único dato nominal)
A5: localidad | B5: Ficha_Cafe | C5: Identificación | D5: Localidad donde está el café | E5: categórica | F5: Chapinero | Usaquén | Teusaquillo | Barrios Unidos | Santa Fe | La Candelaria | Suba | Otra | G5: Sí | H5: Descriptivo / control
A6: zona_muestreo | B6: Ficha_Cafe | C6: Identificación | D6: Estrato geográfico del muestreo | E6: categórica | F6: Z1 Chapinero | Z2 Usaquén | Z3 Teusaquillo–Barrios Unidos | Z4 Centro | G6: Sí | H6: Estratificación y comparaciones por zona
A7: tipo_negocio | B7: Ficha_Cafe | C7: Identificación | D7: Tipo de negocio | E7: categórica | F7: Independiente (1 local) | Pequeña cadena (2–5 locales) | Cadena grande (6+ locales) | Tostadora con cafetería | G7: Sí | H7: Control / comparación por modelo de negocio
A8: fecha | B8: Ficha_Cafe | C8: Identificación | D8: Fecha de la visita | E8: fecha | F8: libre | G8: Sí | H8: Control de campo
A9: dia_tipo | B9: Ficha_Cafe | C9: Identificación | D9: Tipo de día | E9: categórica | F9: Entre semana | Fin de semana | G9: Sí | H9: Control (diferencias de afluencia y perfil)
A10: franja | B10: Ficha_Cafe | C10: Identificación | D10: Franja horaria de la visita | E10: categórica | F10: Mañana (8–11) | Tarde (14–17) | G10: Sí | H10: Control
A11: observador | B11: Ficha_Cafe | C11: Identificación | D11: Quién llenó la ficha (A, B o C) | E11: categórica | F11: A | B | C | G11: Sí | H11: Control de calidad / acuerdo entre observadores
A12: autorizacion_local | B12: Ficha_Cafe | C12: Identificación | D12: El administrador autorizó la visita y las fotos del espacio (1 = sí) | E12: binaria | F12: 1 = sí · 0 = no | G12: Sí | H12: Control ético
... A85: obs_encuestador | B85: Encuestas | C85: Cierre | D85: Observaciones del encuestador (dudas, interrupciones, contexto) | E85: texto | F85: libre | G85: No | H85: Control de calidad / informe de campo

Sheet Listas
A1: localidad | B1: zona_muestreo | C1: tipo_negocio | D1: dia_tipo | E1: franja | F1: persona | G1: freq_visita | H1: motivo_visita | I1: como_conocio | J1: factor | K1: n_otros_cafes | L1: primera_opcion | M1: dap_vs_otras | N1: edad_rango | O1: ocupacion | P1: relacion_zona | Q1: diferencia_cod
A2: Chapinero | B2: Z1 Chapinero | C2: Independiente (1 local) | D2: Entre semana | E2: Mañana (8–11) | F2: A | G2: Primera vez | H2: Trabajo o estudio | I2: Redes sociales | J2: Calidad del café | K2: Ninguno | L2: Es mi primera opción | M2: Más que en otras | N2: 18–24 | O2: Estudiante | P2: Vive cerca | Q2: Calidad del café
A3: Usaquén | B3: Z2 Usaquén | C3: Pequeña cadena (2–5 locales) | D3: Fin de semana | E3: Tarde (14–17) | F3: B | G3: Menos de 1 vez al mes | H3: Reunión social | I3: Recomendación | J3: Ambiente | K3: 1–2 | L3: Una de varias opciones | M3: Igual | N3: 25–34 | O3: Empleado/a | P3: Trabaja o estudia cerca | Q3: Ambiente
A4: Teusaquillo | B4: Z3 Teusaquillo–Barrios Unidos | C4: Cadena grande (6+ locales) | F4: C | G4: 1–3 veces al mes | H4: Probar café de especialidad | I4: Pasó por el lugar | J4: Historia y origen | K4: 3–5 | L4: Vine por esta vez | M4: Menos que en otras | N4: 35–44 | O4: Independiente | P4: Viene de otra zona | Q4: Historia y origen
A5: Barrios Unidos | B5: Z4 Centro | C5: Tostadora con cafetería | G5: Semanal o más | H5: Pausa rápida o rutina | I5: Google Maps u otra app | J5: Atención | K5: 6 o más | N5: 45–54 | O5: Otra | P5: Turista | Q5: Atención
A6: Santa Fe | H6: Otro | I6: Otro | J6: Precio | N6: 55 o más | Q6: Precio
A7: La Candelaria | J7: Ubicación | Q7: Ubicación
A8: Suba | J8: Redes sociales | Q8: Otro
A9: Otra | Q9: Nada / no sabe
